{"_type":"export","__export_format":4,"__export_date":"2022-06-11T16:31:01.464Z","__export_source":"insomnia.desktop.app:v2022.4.0","resources":[{"_id":"req_4b033b404b49422593fab106d39d329c","parentId":"fld_b240c7e130244c8caa9946ec802127d9","modified":1654961094218,"created":1654912782408,"url":"{{ _.base_url }}/admin/roles","name":"list","description":"","method":"GET","body":{},"parameters":[{"id":"pair_c5c6e00998a347b0851046ea45e02dcd","name":"page","value":"1","description":""},{"id":"pair_617af7ea26f24fb990dd8029cfc943ba","name":"per_page","value":"10","description":""},{"id":"pair_7d2616a016164921887d266125dd6957","name":"","value":"","description":""}],"headers":[],"authentication":{"type":"bearer","token":"{{ _.token }}","disabled":false},"metaSortKey":-1654346839276,"isPrivate":false,"settingStoreCookies":true,"settingSendCookies":true,"settingDisableRenderRequestBody":false,"settingEncodeUrl":true,"settingRebuildPath":true,"settingFollowRedirects":"global","_type":"request"},{"_id":"fld_b240c7e130244c8caa9946ec802127d9","parentId":"fld_b753dac524214b8e9b801e4090ac737e","modified":1654912782407,"created":1654912782407,"name":"roles","description":"","environment":{},"environmentPropertyOrder":null,"metaSortKey":-1654346823696,"_type":"request_group"},{"_id":"fld_b753dac524214b8e9b801e4090ac737e","parentId":"wrk_cf2c1e0c095348a58f9884290e991e54","modified":1654912782396,"created":1654912782396,"name":"admin","description":"","environment":{},"environmentPropertyOrder":null,"metaSortKey":-1654348959736,"_type":"request_group"},{"_id":"wrk_cf2c1e0c095348a58f9884290e991e54","parentId":null,"modified":1654912782386,"created":1654912782386,"name":"judgecode-api","description":"","scope":"collection","_type":"workspace"},{"_id":"req_dcd0d6eaa4814e5c94ded9eaa93e767b","parentId":"fld_b240c7e130244c8caa9946ec802127d9","modified":1654961093712,"created":1654912782410,"url":"{{ _.base_url }}/admin/roles/ffc65155-4412-44d7-bce3-80187407293d","name":"get","description":"","method":"GET","body":{},"parameters":[],"headers":[],"authentication":{"type":"bearer","token":"{{ _.token }}"},"metaSortKey":-1653660307257.5,"isPrivate":false,"settingStoreCookies":true,"settingSendCookies":true,"settingDisableRenderRequestBody":false,"settingEncodeUrl":true,"settingRebuildPath":true,"settingFollowRedirects":"global","_type":"request"},{"_id":"req_7274da867b0f4378b8b371aa0f1da051","parentId":"fld_18c637dafbfe431ebbebeae52dcde74b","modified":1654964147104,"created":1654912782401,"url":"{{ _.base_url }}/admin/users","name":"list","description":"","method":"GET","body":{},"parameters":[{"id":"pair_550e9a08955e43ee95caba17722b808b","name":"page","value":"1","description":""},{"id":"pair_2c6b867c931041118c617e5ab1aea790","name":"per_page","value":"10","description":""},{"id":"pair_194c3c676808451a9a77d52ce06419d0","name":"search","value":"","description":""}],"headers":[],"authentication":{"type":"bearer","token":"{{ _.token }}"},"metaSortKey":-1633899488302,"isPrivate":false,"settingStoreCookies":true,"settingSendCookies":true,"settingDisableRenderRequestBody":false,"settingEncodeUrl":true,"settingRebuildPath":true,"settingFollowRedirects":"global","_type":"request"},{"_id":"fld_18c637dafbfe431ebbebeae52dcde74b","parentId":"fld_b753dac524214b8e9b801e4090ac737e","modified":1654912782397,"created":1654912782397,"name":"users","description":"","environment":{},"environmentPropertyOrder":null,"metaSortKey":-1654346823646,"_type":"request_group"},{"_id":"req_9ac2fe2b91224e6bbdda0700adca55fb","parentId":"fld_18c637dafbfe431ebbebeae52dcde74b","modified":1654921988079,"created":1654912782402,"url":"{{ _.base_url }}/admin/users/f3a4689a-eb9e-4f4b-98c8-95d282a9edf8","name":"get","description":"","method":"GET","body":{},"parameters":[],"headers":[],"authentication":{"type":"bearer","token":"{{ _.token }}"},"metaSortKey":-1633899488252,"isPrivate":false,"settingStoreCookies":true,"settingSendCookies":true,"settingDisableRenderRequestBody":false,"settingEncodeUrl":true,"settingRebuildPath":true,"settingFollowRedirects":"global","_type":"request"},{"_id":"req_19d9bd6ccf7f458a9569040235f3d82f","parentId":"fld_18c637dafbfe431ebbebeae52dcde74b","modified":1654912782398,"created":1654912782398,"url":"{{ _.base_url }}/admin/users","name":"store","description":"","method":"POST","body":{"mimeType":"application/json","text":"{\n\t\"first_name\": \"Rafael\",\n\t\"last_name\": \"Maia\",\n\t\"email\": \"rafael.maia@acl.com\",\n\t\"username\": \"rafael.maia\",\n\t\"password\": \"123456\",\n\t\"password_confirmation\": \"123456\",\n\t\"roles\": [\n\t\t\"a1f347ff-2a17-42cb-8bc9-94693258a412\"\n\t]\n}"},"parameters":[],"headers":[{"name":"Content-Type","value":"application/json","id":"pair_83224ed930db46fd9e6ca5a0c4d7bced"}],"authentication":{"type":"bearer","token":"{{ _.token }}"},"metaSortKey":-1633899488202,"isPrivate":false,"settingStoreCookies":true,"settingSendCookies":true,"settingDisableRenderRequestBody":false,"settingEncodeUrl":true,"settingRebuildPath":true,"settingFollowRedirects":"global","_type":"request"},{"_id":"req_707cfcfe46b543329b73d992e17b5933","parentId":"fld_18c637dafbfe431ebbebeae52dcde74b","modified":1654912782404,"created":1654912782404,"url":"{{ _.base_url }}/admin/users/5ac3331e-149a-4bed-b54b-bd459feca875","name":"edit","description":"","method":"PUT","body":{"mimeType":"application/json","text":"{\n\t\"first_name\": \"Rafael\",\n\t\"last_name\": \"Maia\",\n\t\"email\": \"rafael@acl.com\",\n\t\"username\": \"rafael\",\n\t\"password\": \"123456\",\n\t\"password_confirmation\": \"123456\",\n\t\"roles\": [\n\t\t\"98674fd5-5a3c-452a-8aab-d5de12bea8ca\"\n\t]\n}"},"parameters":[],"headers":[{"name":"Content-Type","value":"application/json","id":"pair_83224ed930db46fd9e6ca5a0c4d7bced"}],"authentication":{"type":"bearer","token":"{{ _.token }}"},"metaSortKey":-1633720877616.5,"isPrivate":false,"settingStoreCookies":true,"settingSendCookies":true,"settingDisableRenderRequestBody":false,"settingEncodeUrl":true,"settingRebuildPath":true,"settingFollowRedirects":"global","_type":"request"},{"_id":"req_8f687fa912be48b3b1bff3b7b8ae4edc","parentId":"fld_18c637dafbfe431ebbebeae52dcde74b","modified":1654921990352,"created":1654912782406,"url":"{{ _.base_url }}/admin/users/44d5352f-e817-4870-bab9-8f27cb04b524","name":"delete","description":"","method":"DELETE","body":{},"parameters":[],"headers":[],"authentication":{"type":"bearer","token":"{{ _.token }}"},"metaSortKey":-1633720877566.5,"isPrivate":false,"settingStoreCookies":true,"settingSendCookies":true,"settingDisableRenderRequestBody":false,"settingEncodeUrl":true,"settingRebuildPath":true,"settingFollowRedirects":"global","_type":"request"},{"_id":"req_a238fc50b64a4571ad1081240763fc0a","parentId":"fld_8f32f25c8fd14fec859607229d1fd550","modified":1654964900239,"created":1654961386070,"url":"{{ _.base_url }}/admin/categories","name":"list","description":"","method":"GET","body":{},"parameters":[{"id":"pair_550e9a08955e43ee95caba17722b808b","name":"page","value":"1","description":""},{"id":"pair_2c6b867c931041118c617e5ab1aea790","name":"per_page","value":"10","description":""},{"id":"pair_194c3c676808451a9a77d52ce06419d0","name":"search","value":"","description":""}],"headers":[],"authentication":{"type":"bearer","token":"{{ _.token }}"},"metaSortKey":-1633899488302,"isPrivate":false,"settingStoreCookies":true,"settingSendCookies":true,"settingDisableRenderRequestBody":false,"settingEncodeUrl":true,"settingRebuildPath":true,"settingFollowRedirects":"global","_type":"request"},{"_id":"fld_8f32f25c8fd14fec859607229d1fd550","parentId":"fld_b753dac524214b8e9b801e4090ac737e","modified":1654962246678,"created":1654961386064,"name":"categories","description":"","environment":{},"environmentPropertyOrder":null,"metaSortKey":-1654346823621,"_type":"request_group"},{"_id":"req_88cf3840ad1741879579e107b1fd24da","parentId":"fld_8f32f25c8fd14fec859607229d1fd550","modified":1654964857179,"created":1654961386073,"url":"{{ _.base_url }}/admin/categories/0ecf417f-bba6-43de-9de8-d3f17f48ec3c","name":"get","description":"","method":"GET","body":{},"parameters":[],"headers":[],"authentication":{"type":"bearer","token":"{{ _.token }}"},"metaSortKey":-1633899488252,"isPrivate":false,"settingStoreCookies":true,"settingSendCookies":true,"settingDisableRenderRequestBody":false,"settingEncodeUrl":true,"settingRebuildPath":true,"settingFollowRedirects":"global","_type":"request"},{"_id":"req_b4771f94a0b045f08b605a4f4f1868dd","parentId":"fld_8f32f25c8fd14fec859607229d1fd550","modified":1654964155540,"created":1654961386067,"url":"{{ _.base_url }}/admin/categories","name":"store","description":"","method":"POST","body":{"mimeType":"application/json","text":"{\n\t\"name\": \"INICIANTE\",\n\t\"description\": \"Problemas básicos para quem está iniciando na programação...\"\n}"},"parameters":[],"headers":[{"name":"Content-Type","value":"application/json","id":"pair_83224ed930db46fd9e6ca5a0c4d7bced"}],"authentication":{"type":"bearer","token":"{{ _.token }}"},"metaSortKey":-1633899488202,"isPrivate":false,"settingStoreCookies":true,"settingSendCookies":true,"settingDisableRenderRequestBody":false,"settingEncodeUrl":true,"settingRebuildPath":true,"settingFollowRedirects":"global","_type":"request"},{"_id":"req_07407c9ef4b141928eee90655f6432b8","parentId":"fld_8f32f25c8fd14fec859607229d1fd550","modified":1654964135891,"created":1654961386076,"url":"{{ _.base_url }}/admin/categories/a0ffafa8-e178-4a91-8841-9ab8f0bac51a","name":"edit","description":"","method":"PUT","body":{"mimeType":"application/json","text":"{\n\t\"name\": \"INICIANTES\",\n\t\"description\": \"Problemas básicos para quem está iniciando na programação.\"\n}"},"parameters":[],"headers":[{"name":"Content-Type","value":"application/json","id":"pair_83224ed930db46fd9e6ca5a0c4d7bced"}],"authentication":{"type":"bearer","token":"{{ _.token }}"},"metaSortKey":-1633720877616.5,"isPrivate":false,"settingStoreCookies":true,"settingSendCookies":true,"settingDisableRenderRequestBody":false,"settingEncodeUrl":true,"settingRebuildPath":true,"settingFollowRedirects":"global","_type":"request"},{"_id":"req_76376f97fccf4dafb33340190d3e17ec","parentId":"fld_8f32f25c8fd14fec859607229d1fd550","modified":1654961624239,"created":1654961386078,"url":"{{ _.base_url }}/admin/categories/a0ffafa8-e178-4a91-8841-9ab8f0bac51a","name":"delete","description":"","method":"DELETE","body":{},"parameters":[],"headers":[],"authentication":{"type":"bearer","token":"{{ _.token }}"},"metaSortKey":-1633720877566.5,"isPrivate":false,"settingStoreCookies":true,"settingSendCookies":true,"settingDisableRenderRequestBody":false,"settingEncodeUrl":true,"settingRebuildPath":true,"settingFollowRedirects":"global","_type":"request"},{"_id":"req_9710624988d341488eec287d417b0121","parentId":"fld_0ecbcae93bc34d92b3b432211184e5f3","modified":1654964905923,"created":1654964024255,"url":"{{ _.base_url }}/admin/problems","name":"list","description":"","method":"GET","body":{},"parameters":[{"id":"pair_550e9a08955e43ee95caba17722b808b","name":"page","value":"1","description":""},{"id":"pair_2c6b867c931041118c617e5ab1aea790","name":"per_page","value":"10","description":""},{"id":"pair_194c3c676808451a9a77d52ce06419d0","name":"search","value":"","description":""},{"id":"pair_012c5d1caebe484cb0f6f839d26f843f","name":"category_id","value":"","description":""},{"id":"pair_81a396bb61e0429e9c7e03df20c3b039","name":"","value":"","description":""}],"headers":[],"authentication":{"type":"bearer","token":"{{ _.token }}"},"metaSortKey":-1633899488302,"isPrivate":false,"settingStoreCookies":true,"settingSendCookies":true,"settingDisableRenderRequestBody":false,"settingEncodeUrl":true,"settingRebuildPath":true,"settingFollowRedirects":"global","_type":"request"},{"_id":"fld_0ecbcae93bc34d92b3b432211184e5f3","parentId":"fld_b753dac524214b8e9b801e4090ac737e","modified":1654964024249,"created":1654964024249,"name":"problems","description":"","environment":{},"environmentPropertyOrder":null,"metaSortKey":-1653869489955,"_type":"request_group"},{"_id":"req_32c579e9682e436ab7b65bd39df2606b","parentId":"fld_0ecbcae93bc34d92b3b432211184e5f3","modified":1654964547545,"created":1654964024259,"url":"{{ _.base_url }}/admin/problems/f790305b-ea03-4f73-a488-2345aeb066e7","name":"get","description":"","method":"GET","body":{},"parameters":[],"headers":[],"authentication":{"type":"bearer","token":"{{ _.token }}"},"metaSortKey":-1633899488252,"isPrivate":false,"settingStoreCookies":true,"settingSendCookies":true,"settingDisableRenderRequestBody":false,"settingEncodeUrl":true,"settingRebuildPath":true,"settingFollowRedirects":"global","_type":"request"},{"_id":"req_c323d09e64f74b8e826fc9aadd1360bb","parentId":"fld_0ecbcae93bc34d92b3b432211184e5f3","modified":1654964248293,"created":1654964024252,"url":"{{ _.base_url }}/admin/problems","name":"store","description":"","method":"POST","body":{"mimeType":"application/json","text":"{\n\t\"title\": \"Hello World!\",\n\t\"body\": \"O seu primeiro programa em qualquer linguagem de programação normalmente é o Hello World!. Neste primeiro problema tudo o que você precisa fazer é imprimir esta mensagem na tela. \",\n\t\"owner_id\": \"16ae5807-9705-4656-9878-e433d90b1d62\",\n\t\"category_id\": \"0ecf417f-bba6-43de-9de8-d3f17f48ec3c\"\n}"},"parameters":[],"headers":[{"name":"Content-Type","value":"application/json","id":"pair_83224ed930db46fd9e6ca5a0c4d7bced"}],"authentication":{"type":"bearer","token":"{{ _.token }}"},"metaSortKey":-1633899488202,"isPrivate":false,"settingStoreCookies":true,"settingSendCookies":true,"settingDisableRenderRequestBody":false,"settingEncodeUrl":true,"settingRebuildPath":true,"settingFollowRedirects":"global","_type":"request"},{"_id":"req_ce16954c34cc4ad78f896829fb58fa20","parentId":"fld_0ecbcae93bc34d92b3b432211184e5f3","modified":1654964191632,"created":1654964024261,"url":"{{ _.base_url }}/admin/problems/f790305b-ea03-4f73-a488-2345aeb066e7","name":"edit","description":"","method":"PUT","body":{"mimeType":"application/json","text":"{\n\t\"title\": \"Hello World!\",\n\t\"body\": \"O seu primeiro programa em qualquer linguagem de programação normalmente é o Hello World!. Neste primeiro problema tudo o que você precisa fazer é imprimir esta mensagem na tela. \",\n\t\"owner_id\": \"16ae5807-9705-4656-9878-e433d90b1d62\",\n\t\"category_id\": \"0ecf417f-bba6-43de-9de8-d3f17f48ec3c\"\n}"},"parameters":[],"headers":[{"name":"Content-Type","value":"application/json","id":"pair_83224ed930db46fd9e6ca5a0c4d7bced"}],"authentication":{"type":"bearer","token":"{{ _.token }}"},"metaSortKey":-1633720877616.5,"isPrivate":false,"settingStoreCookies":true,"settingSendCookies":true,"settingDisableRenderRequestBody":false,"settingEncodeUrl":true,"settingRebuildPath":true,"settingFollowRedirects":"global","_type":"request"},{"_id":"req_0f9179d05f8547c297cf982a37733604","parentId":"fld_0ecbcae93bc34d92b3b432211184e5f3","modified":1654964195850,"created":1654964024264,"url":"{{ _.base_url }}/admin/problems/f790305b-ea03-4f73-a488-2345aeb066e7","name":"delete","description":"","method":"DELETE","body":{},"parameters":[],"headers":[],"authentication":{"type":"bearer","token":"{{ _.token }}"},"metaSortKey":-1633720877566.5,"isPrivate":false,"settingStoreCookies":true,"settingSendCookies":true,"settingDisableRenderRequestBody":false,"settingEncodeUrl":true,"settingRebuildPath":true,"settingFollowRedirects":"global","_type":"request"},{"_id":"req_765769addc2e4bafaf5003e43571e380","parentId":"fld_6ae315ca161d4fb4af2c712af53b7bbc","modified":1654962219168,"created":1654912782414,"url":"{{ _.base_url }}/users","name":"list","description":"","method":"GET","body":{},"parameters":[{"id":"pair_550e9a08955e43ee95caba17722b808b","name":"page","value":"1","description":""},{"id":"pair_2c6b867c931041118c617e5ab1aea790","name":"per_page","value":"10","description":""},{"id":"pair_194c3c676808451a9a77d52ce06419d0","name":"search","value":"","description":""}],"headers":[],"authentication":{"type":"bearer","token":"{{ _.token }}"},"metaSortKey":-1654348959886,"isPrivate":false,"settingStoreCookies":true,"settingSendCookies":true,"settingDisableRenderRequestBody":false,"settingEncodeUrl":true,"settingRebuildPath":true,"settingFollowRedirects":"global","_type":"request"},{"_id":"fld_6ae315ca161d4fb4af2c712af53b7bbc","parentId":"fld_2ea4ff47746a4b92a3a38a72e670e4c5","modified":1654962196334,"created":1654962189100,"name":"users","description":"","environment":{},"environmentPropertyOrder":null,"metaSortKey":-1654962189100,"_type":"request_group"},{"_id":"fld_2ea4ff47746a4b92a3a38a72e670e4c5","parentId":"wrk_cf2c1e0c095348a58f9884290e991e54","modified":1654912782412,"created":1654912782412,"name":"user","description":"","environment":{},"environmentPropertyOrder":null,"metaSortKey":-1654348959686,"_type":"request_group"},{"_id":"req_de114f1d443e474589189fe1c806c3c1","parentId":"fld_6ae315ca161d4fb4af2c712af53b7bbc","modified":1654962203125,"created":1654912782415,"url":"{{ _.base_url }}/users/84804b78-2633-404e-a8c3-76af340c6246","name":"get","description":"","method":"GET","body":{},"parameters":[],"headers":[],"authentication":{"type":"bearer","token":"{{ _.token }}"},"metaSortKey":-1654348959836,"isPrivate":false,"settingStoreCookies":true,"settingSendCookies":true,"settingDisableRenderRequestBody":false,"settingEncodeUrl":true,"settingRebuildPath":true,"settingFollowRedirects":"global","_type":"request"},{"_id":"req_f2a7f3bc437549d5aad713f4900ea5ba","parentId":"fld_6ae315ca161d4fb4af2c712af53b7bbc","modified":1654962214468,"created":1654912782413,"url":"{{ _.base_url }}/users","name":"store","description":"","method":"POST","body":{"mimeType":"application/json","text":"{\n\t\"first_name\": \"Rafael\",\n\t\"last_name\": \"Maia\",\n\t\"email\": \"rafael.maia@acl.com\",\n\t\"username\": \"rafael.maia\",\n\t\"password\": \"123456\",\n\t\"password_confirmation\": \"123456\"\n}"},"parameters":[],"headers":[{"name":"Content-Type","value":"application/json","id":"pair_83224ed930db46fd9e6ca5a0c4d7bced"}],"authentication":{"type":"bearer","token":"{{ _.token }}"},"metaSortKey":-1654348959786,"isPrivate":false,"settingStoreCookies":true,"settingSendCookies":true,"settingDisableRenderRequestBody":false,"settingEncodeUrl":true,"settingRebuildPath":true,"settingFollowRedirects":"global","_type":"request"},{"_id":"req_c0d043a5e37b4fe7a214c6a257ec5ec4","parentId":"fld_6ae315ca161d4fb4af2c712af53b7bbc","modified":1654962206556,"created":1654912782416,"url":"{{ _.base_url }}/users/5ac3331e-149a-4bed-b54b-bd459feca875","name":"edit","description":"","method":"PUT","body":{"mimeType":"application/json","text":"{\n\t\"first_name\": \"Rafael\",\n\t\"last_name\": \"Maia\",\n\t\"email\": \"rafael@acl.com\",\n\t\"username\": \"rafael\",\n\t\"password\": \"123456\",\n\t\"password_confirmation\": \"123456\",\n\t\"roles\": [\n\t\t\"98674fd5-5a3c-452a-8aab-d5de12bea8ca\"\n\t]\n}"},"parameters":[],"headers":[{"name":"Content-Type","value":"application/json","id":"pair_83224ed930db46fd9e6ca5a0c4d7bced"}],"authentication":{"type":"bearer","token":"{{ _.token }}"},"metaSortKey":-1654348959736,"isPrivate":false,"settingStoreCookies":true,"settingSendCookies":true,"settingDisableRenderRequestBody":false,"settingEncodeUrl":true,"settingRebuildPath":true,"settingFollowRedirects":"global","_type":"request"},{"_id":"req_be3d65d785ed4f8d8b6bbc5f285389fc","parentId":"fld_6ae315ca161d4fb4af2c712af53b7bbc","modified":1654962208922,"created":1654912782417,"url":"{{ _.base_url }}/users/44d5352f-e817-4870-bab9-8f27cb04b524","name":"delete","description":"","method":"DELETE","body":{},"parameters":[],"headers":[],"authentication":{"type":"bearer","token":"{{ _.token }}"},"metaSortKey":-1654348959686,"isPrivate":false,"settingStoreCookies":true,"settingSendCookies":true,"settingDisableRenderRequestBody":false,"settingEncodeUrl":true,"settingRebuildPath":true,"settingFollowRedirects":"global","_type":"request"},{"_id":"req_d7de3809a40149d8bfc3300e42dc05d8","parentId":"fld_141568f23b8c4889aab33d2b059a8d45","modified":1654962313841,"created":1654962251881,"url":"{{ _.base_url }}/categories","name":"list","description":"","method":"GET","body":{},"parameters":[{"id":"pair_550e9a08955e43ee95caba17722b808b","name":"page","value":"1","description":""},{"id":"pair_2c6b867c931041118c617e5ab1aea790","name":"per_page","value":"10","description":""},{"id":"pair_194c3c676808451a9a77d52ce06419d0","name":"search","value":"","description":""}],"headers":[],"authentication":{"type":"bearer","token":"{{ _.token }}"},"metaSortKey":-1633899488302,"isPrivate":false,"settingStoreCookies":true,"settingSendCookies":true,"settingDisableRenderRequestBody":false,"settingEncodeUrl":true,"settingRebuildPath":true,"settingFollowRedirects":"global","_type":"request"},{"_id":"fld_141568f23b8c4889aab33d2b059a8d45","parentId":"fld_2ea4ff47746a4b92a3a38a72e670e4c5","modified":1654962253389,"created":1654962251873,"name":"categories","description":"","environment":{},"environmentPropertyOrder":null,"metaSortKey":-1654962189050,"_type":"request_group"},{"_id":"req_a91de79eb5924dde83decdd03af1d75b","parentId":"fld_141568f23b8c4889aab33d2b059a8d45","modified":1654962318864,"created":1654962251883,"url":"{{ _.base_url }}/categories/ae12fd4a-b703-4ddb-90ca-94b1b132a181","name":"get","description":"","method":"GET","body":{},"parameters":[],"headers":[],"authentication":{"type":"bearer","token":"{{ _.token }}"},"metaSortKey":-1633899488252,"isPrivate":false,"settingStoreCookies":true,"settingSendCookies":true,"settingDisableRenderRequestBody":false,"settingEncodeUrl":true,"settingRebuildPath":true,"settingFollowRedirects":"global","_type":"request"},{"_id":"req_cdeb712e2bf243fe9f286c128f3c800c","parentId":"fld_248b14dd92184aa3b8bfb01a60f8a3e0","modified":1654964933683,"created":1654964913877,"url":"{{ _.base_url }}/problems","name":"list","description":"","method":"GET","body":{},"parameters":[{"id":"pair_550e9a08955e43ee95caba17722b808b","name":"page","value":"1","description":""},{"id":"pair_2c6b867c931041118c617e5ab1aea790","name":"per_page","value":"10","description":""},{"id":"pair_194c3c676808451a9a77d52ce06419d0","name":"search","value":"","description":""},{"id":"pair_012c5d1caebe484cb0f6f839d26f843f","name":"category_id","value":"","description":""},{"id":"pair_81a396bb61e0429e9c7e03df20c3b039","name":"","value":"","description":""}],"headers":[],"authentication":{"type":"bearer","token":"{{ _.token }}"},"metaSortKey":-1633899488302,"isPrivate":false,"settingStoreCookies":true,"settingSendCookies":true,"settingDisableRenderRequestBody":false,"settingEncodeUrl":true,"settingRebuildPath":true,"settingFollowRedirects":"global","_type":"request"},{"_id":"fld_248b14dd92184aa3b8bfb01a60f8a3e0","parentId":"fld_2ea4ff47746a4b92a3a38a72e670e4c5","modified":1654964916040,"created":1654964913871,"name":"problems","description":"","environment":{},"environmentPropertyOrder":null,"metaSortKey":-1654962189000,"_type":"request_group"},{"_id":"req_6eabd92f43de42eab3362596558c96d9","parentId":"fld_248b14dd92184aa3b8bfb01a60f8a3e0","modified":1654964925340,"created":1654964913880,"url":"{{ _.base_url }}/admin/problems/f790305b-ea03-4f73-a488-2345aeb066e7","name":"get","description":"","method":"GET","body":{},"parameters":[],"headers":[],"authentication":{"type":"bearer","token":"{{ _.token }}"},"metaSortKey":-1633899488252,"isPrivate":false,"settingStoreCookies":true,"settingSendCookies":true,"settingDisableRenderRequestBody":false,"settingEncodeUrl":true,"settingRebuildPath":true,"settingFollowRedirects":"global","_type":"request"},{"_id":"req_928d2e16ba60417ab75ccc9653bccbaa","parentId":"wrk_cf2c1e0c095348a58f9884290e991e54","modified":1654964545332,"created":1654912782418,"url":"{{ _.base_url }}/login","name":"login","description":"","method":"POST","body":{"mimeType":"application/json","text":"{\n\t\"uid\": \"root\",\n\t\"password\": \"judgecode@2022\"\n}"},"parameters":[],"headers":[{"name":"Content-Type","value":"application/json","id":"pair_83224ed930db46fd9e6ca5a0c4d7bced"}],"authentication":{},"metaSortKey":-1654348959661,"isPrivate":false,"settingStoreCookies":true,"settingSendCookies":true,"settingDisableRenderRequestBody":false,"settingEncodeUrl":true,"settingRebuildPath":true,"settingFollowRedirects":"global","_type":"request"},{"_id":"req_ca5c5397110b4b4e92049b773aaee7aa","parentId":"wrk_cf2c1e0c095348a58f9884290e991e54","modified":1654912782421,"created":1654912782421,"url":"{{ _.base_url }}/health","name":"health","description":"","method":"GET","body":{},"parameters":[{"id":"pair_550e9a08955e43ee95caba17722b808b","name":"page","value":"1","description":""},{"id":"pair_2c6b867c931041118c617e5ab1aea790","name":"per_page","value":"10","description":""},{"id":"pair_194c3c676808451a9a77d52ce06419d0","name":"search","value":"","description":""}],"headers":[],"authentication":{},"metaSortKey":-1654348959636,"isPrivate":false,"settingStoreCookies":true,"settingSendCookies":true,"settingDisableRenderRequestBody":false,"settingEncodeUrl":true,"settingRebuildPath":true,"settingFollowRedirects":"global","_type":"request"},{"_id":"env_e16bfaca61804a90b471bca6fb3edd53","parentId":"wrk_cf2c1e0c095348a58f9884290e991e54","modified":1654912782387,"created":1654912782387,"name":"Base Environment","data":{"base_url":"http://127.0.0.1:3333","token":"{% response 'body', 'req_a9ebdd159fd14328bb1f932f90bfad42', 'b64::JC50b2tlbg==::46b', 'never', 60 %}"},"dataPropertyOrder":{"&":["base_url","token"]},"color":null,"isPrivate":false,"metaSortKey":1633899467385,"_type":"environment"},{"_id":"jar_0222d0a646904cb7b40ff4107980dffd","parentId":"wrk_cf2c1e0c095348a58f9884290e991e54","modified":1654912782392,"created":1654912782392,"name":"Default Jar","cookies":[],"_type":"cookie_jar"},{"_id":"spc_ae490fdb2c984735a4e8297a4ae0840a","parentId":"wrk_cf2c1e0c095348a58f9884290e991e54","modified":1654912782435,"created":1654912782394,"fileName":"judgecode-api","contents":"","contentType":"yaml","_type":"api_spec"},{"_id":"env_1fa29ccba66047b798d5fd622fd9acc0","parentId":"env_e16bfaca61804a90b471bca6fb3edd53","modified":1654922075015,"created":1654912782388,"name":"docker","data":{"base_url":"http://localhost:8080","token":"{% response 'body', 'req_b6b08408449b46dfb8b7c2334464c6ee', 'b64::JC50b2tlbg==::46b', 'never', 60 %}"},"dataPropertyOrder":{"&":["base_url","token"]},"color":"#1f7eea","isPrivate":false,"metaSortKey":1,"_type":"environment"},{"_id":"env_b891be8e88c5403e86e13c85be6d0327","parentId":"env_e16bfaca61804a90b471bca6fb3edd53","modified":1654922090142,"created":1654912782390,"name":"develop","data":{"base_url":"http://127.0.0.1:3333","token":"{% response 'body', 'req_928d2e16ba60417ab75ccc9653bccbaa', 'b64::JC50b2tlbg==::46b', 'never', 60 %}"},"dataPropertyOrder":{"&":["base_url","token"]},"color":"#5fdd72","isPrivate":false,"metaSortKey":1,"_type":"environment"}]}